path,bytes,sha256
artifacts\phase2\phase2_v4_final_v1_terra\raw_responses\sync\p2_v4_terra_r1_comparison_train-000108_a_low_5d0f05eeea2e.json,11200,1ec4ec645c94ffa8ce4d2edc61369dd6438953979a0ba7c2fa665e04bbd610c8
artifacts\phase2\phase2_v4_final_v1_terra\raw_responses\sync\p2_v4_terra_r1_comparison_train-000108_a_medium_0219d7397a70.json,9141,6bc7ea1bbeba8f2fdda3fb144e8b7117ce66b61725531593fc987a6c118dbd14
artifacts\phase2\phase2_v4_final_v1_terra\raw_responses\sync\p2_v4_terra_r1_comparison_train-000108_b_low_0a002970ef10.json,9118,3fadff29502f70029fcebddd0b24c509e2fbc916f77743acc60c49837da0c2e7
artifacts\phase2\phase2_v4_final_v1_terra\raw_responses\sync\p2_v4_terra_r1_comparison_train-000108_b_medium_aa2171407591.json,8512,256d7e5a14b27ac1c2837c579023b2f22ceb16d973c2a5ad51acccd9fc5b79fd
artifacts\phase2\phase2_v4_final_v1_terra\raw_responses\sync\p2_v4_terra_r1_comparison_train-000825_a_low_f3158d0b5fac.json,7747,19e88f2a9ba30725a07af009c2631626df165e9ddbd4d837e1978dff3465b357
artifacts\phase2\phase2_v4_final_v1_terra\raw_responses\sync\p2_v4_terra_r1_comparison_train-000825_a_medium_2c8a18e5230a.json,7694,c76884cb392fcf81a437e1e8857a82826542cfce2f92648f3b2faff8bef02623
artifacts\phase2\phase2_v4_final_v1_terra\raw_responses\sync\p2_v4_terra_r1_comparison_train-000825_b_low_21ad991f8a56.json,7768,a8f863567c492cac2eeb1e0bfcd2dc40930603a6ee1b06cd863cc3f4bd13ab56
artifacts\phase2\phase2_v4_final_v1_terra\raw_responses\sync\p2_v4_terra_r1_comparison_train-000825_b_medium_6eb14d2dad43.json,8080,f3db2c1f23e107c90bb0ed60dd5d136af038a41956460a9dfef8f772c8868dc1
artifacts\phase2\phase2_v4_final_v1_terra\raw_responses\sync\p2_v4_terra_r1_comparison_train-001103_a_low_6e57dd40c7b5.json,18983,a1f42f1279cd33f2d1c03ba8ebff81454e9640a6a57860359b00c909dbc7de57
artifacts\phase2\phase2_v4_final_v1_terra\raw_responses\sync\p2_v4_terra_r1_comparison_train-001103_a_medium_b9bcee9baa3d.json,29810,cfaa508b472d4452188d38e8bfcc584afd4fecd80f99f797668e1642fb6805cf
artifacts\phase2\phase2_v4_final_v1_terra\raw_responses\sync\p2_v4_terra_r1_comparison_train-001103_b_low_2653c2fffce3.json,13003,db3ccffa18a9fa3ce8d46c2ade67674eab956795a64abcb30307970a3b334b86
artifacts\phase2\phase2_v4_final_v1_terra\raw_responses\sync\p2_v4_terra_r1_comparison_train-001103_b_medium_6340774abb3a.json,19105,578d3aa749e2a2e2f2ad1996a010339a296af10df8060be344443aa2c9d85baa
artifacts\phase2\phase2_v4_final_v1_terra\raw_responses\sync\p2_v4_terra_r1_comparison_train-001639_a_low_73a653fb7d6a.json,7946,9502c80b8ae825454c5a439a9a0e3784b4819c8422c8b53baadf033ffff89248
artifacts\phase2\phase2_v4_final_v1_terra\raw_responses\sync\p2_v4_terra_r1_comparison_train-001639_a_medium_d23b2118786e.json,9442,a760878e93baaaefb450720ccac70d770e1ce845233b0131fc00826d0bb090dc
artifacts\phase2\phase2_v4_final_v1_terra\raw_responses\sync\p2_v4_terra_r1_comparison_train-001639_b_low_b1925fb875e0.json,7804,0e370d1ae6630c10802fbbce82afb676545ad35d1e2a533834293d2bac770fee
artifacts\phase2\phase2_v4_final_v1_terra\raw_responses\sync\p2_v4_terra_r1_comparison_train-001639_b_medium_bcc28ee01d46.json,14574,28f64b2b855abc327b3e6f1e5097fe1fa11982e1f023eb056212c81a95e39242
artifacts\phase2\phase2_v4_final_v1_terra\raw_responses\sync\p2_v4_terra_r1_comparison_train-001972_a_low_187529d56cb6.json,12109,0ac7f237bfd46740986e63f6d1ea5e74eee8660a9c6071bfe807164027ee6412
artifacts\phase2\phase2_v4_final_v1_terra\raw_responses\sync\p2_v4_terra_r1_comparison_train-001972_a_medium_3ea26dcf31c8.json,20414,474c1f644a0f14a0322986193f88977297a361d8016b316b30612f38abfeabc0
artifacts\phase2\phase2_v4_final_v1_terra\raw_responses\sync\p2_v4_terra_r1_comparison_train-001972_b_low_16a3f08e10cd.json,11186,740d0f5f4c40ba97af0fe8d0a32795660a294e4fb49ab024e4d58d607fa6c6ad
artifacts\phase2\phase2_v4_final_v1_terra\raw_responses\sync\p2_v4_terra_r1_comparison_train-001972_b_medium_cade8d1ca0f5.json,7511,a4b089af62037defd3097c72a9a6e955e822bce3e209808554e09273b49b96d3
artifacts\phase2\phase2_v4_final_v1_terra\raw_responses\sync\p2_v4_terra_r1_comparison_train-002025_a_low_06ca19ab62d4.json,7014,117eb61abef16639418ec20e8bb890a4b4ec159b4d53622c0a17eb754ad5d1f4
artifacts\phase2\phase2_v4_final_v1_terra\raw_responses\sync\p2_v4_terra_r1_comparison_train-002025_a_medium_1bc13bb8557c.json,7099,b62ea443daa3e3990aae222637023133a44d5d1003a0f5f52e766fd786e8410b
artifacts\phase2\phase2_v4_final_v1_terra\raw_responses\sync\p2_v4_terra_r1_comparison_train-002025_b_low_861f46d902f8.json,7042,49b0dc161c193b15c795be93ff495cdfd23c9808055522c048f4d510ca7a811a
artifacts\phase2\phase2_v4_final_v1_terra\raw_responses\sync\p2_v4_terra_r1_comparison_train-002025_b_medium_b36ef3e913b6.json,7092,d949bf86b8575c06a3704abb933e6cab8b1a2cafb2bf503cd7920ab1b3b8d665
artifacts\phase2\phase2_v4_final_v1_terra\raw_responses\sync\p2_v4_terra_r1_comparison_train-002777_a_low_652da9417793.json,7530,cab2cb8ba98a2928d095358764558c36334590a18397cd48bd94cba5b9843f9c
artifacts\phase2\phase2_v4_final_v1_terra\raw_responses\sync\p2_v4_terra_r1_comparison_train-002777_a_medium_077a2e312988.json,7902,9614605d05e73ffceafde68540d2ef6e76a63e0522769a7de808d3ff41a4d526
artifacts\phase2\phase2_v4_final_v1_terra\raw_responses\sync\p2_v4_terra_r1_comparison_train-002777_b_low_1e7a0f13deb2.json,8086,4e41985d336214deb0504e21de121c637569c7370d96baa1b215ce72d274245a
artifacts\phase2\phase2_v4_final_v1_terra\raw_responses\sync\p2_v4_terra_r1_comparison_train-002777_b_medium_7585b0686033.json,8435,b39b2b58fba70533a1a6fe5ab9cb10a4c87247724e5213d95d7d94416291a3c5
artifacts\phase2\phase2_v4_final_v1_terra\raw_responses\sync\p2_v4_terra_r1_comparison_train-002863_a_low_c034b823fcc7.json,6755,b05febf80f86d1658a21082818d9d3892cdb2961ea5e7db8d9ef298de14e90ed
artifacts\phase2\phase2_v4_final_v1_terra\raw_responses\sync\p2_v4_terra_r1_comparison_train-002863_a_medium_cb458986c289.json,14944,c6da91d81fad656a633d56b8a02768f28936b412e2e7400f41f0abd5602be3a0
artifacts\phase2\phase2_v4_final_v1_terra\raw_responses\sync\p2_v4_terra_r1_comparison_train-002863_b_low_771ec32073b2.json,12171,a8bd318dd96f8ca733736900418c976f4d173174ff7ff027e12301573320efb9
artifacts\phase2\phase2_v4_final_v1_terra\raw_responses\sync\p2_v4_terra_r1_comparison_train-002863_b_medium_cfc04ad98a78.json,8452,ce2da233dad5b2623aaf99c42b7a1d046b82fffb7e450ccfcb1f5c4c2c5fa228
artifacts\phase2\phase2_v4_final_v1_terra\raw_responses\sync\p2_v4_terra_r1_comparison_train-003183_a_low_b525127daa10.json,7317,80b924aefa07634bcf98fd4b397d1b806744d1e921cfabbd4b6aa205b47fd875
artifacts\phase2\phase2_v4_final_v1_terra\raw_responses\sync\p2_v4_terra_r1_comparison_train-003183_a_medium_93324570d6c1.json,7962,530549b3df62fdc4e166a5609d610bf5f8f9bf2919199f151573a4bcf82b58c1
artifacts\phase2\phase2_v4_final_v1_terra\raw_responses\sync\p2_v4_terra_r1_comparison_train-003183_b_low_1a0ea09e1f57.json,7203,eb264fa98f48fdf5bc01e025f6247348b1f63839540043427d10e6e676e9869e
artifacts\phase2\phase2_v4_final_v1_terra\raw_responses\sync\p2_v4_terra_r1_comparison_train-003183_b_medium_e50bf31e21e1.json,7720,7f5367222ab46129515f33268f02ac674e4fc0afb283023c3b9e0869b4793975
artifacts\phase2\phase2_v4_final_v1_terra\raw_responses\sync\p2_v4_terra_r1_comparison_train-003920_a_low_f837cfe4fddc.json,6798,76f80ac0e260f44ed86dab107f00a9f37f96fb6f5e6d689a0e47849cb8f11aa0
artifacts\phase2\phase2_v4_final_v1_terra\raw_responses\sync\p2_v4_terra_r1_comparison_train-003920_a_medium_8acd29c959cd.json,6870,1855b8608b881d8c0a6c7f644d1f932bfd7bc2c8ddeb88353428c8a1185ebd76
artifacts\phase2\phase2_v4_final_v1_terra\raw_responses\sync\p2_v4_terra_r1_comparison_train-003920_b_low_ad05ed39a827.json,7076,48a6b598bbb1a69ff9eebe4b0b01f8cf40ba47124bca7b5ecd757039a24c0aa0
artifacts\phase2\phase2_v4_final_v1_terra\raw_responses\sync\p2_v4_terra_r1_comparison_train-003920_b_medium_79892b0c2e0f.json,7390,152d2b695bb5e06ac173a84dd8e54c64a8766850b91c4d324249f84aec56edbb
artifacts\phase2\phase2_v4_final_v1_terra\raw_responses\sync\p2_v4_terra_r1_comparison_train-004144_a_low_c324b259f09c.json,7085,f672c7f793b4a5c2696921b24535a41a43961146ebaf4168260c12d06eb2b63f
artifacts\phase2\phase2_v4_final_v1_terra\raw_responses\sync\p2_v4_terra_r1_comparison_train-004144_a_medium_b6a2a2dd68bf.json,6804,46569af31d0b1677f3a3b071858eec9585de9af9db431078b6f005691e611773
artifacts\phase2\phase2_v4_final_v1_terra\raw_responses\sync\p2_v4_terra_r1_comparison_train-004144_b_low_8a2dcc381b61.json,7013,e018b02ca803880d7f2e2f613def6601b588d9a1e8133f47aaa28e9531cc092b
artifacts\phase2\phase2_v4_final_v1_terra\raw_responses\sync\p2_v4_terra_r1_comparison_train-004144_b_medium_fe4b0a45e2be.json,7751,179063b97df6e67ed68b6e77344cd37e5166878bec88e33de2da5efab3ecb32c
artifacts\phase2\phase2_v4_final_v1_terra\raw_responses\sync\p2_v4_terra_r1_comparison_train-004679_a_low_51d5b4d9107a.json,7060,26849890d77330d351a57d4fc36e48dadc457e8a6dca50bd96a004f1feb6272a
artifacts\phase2\phase2_v4_final_v1_terra\raw_responses\sync\p2_v4_terra_r1_comparison_train-004679_a_medium_2e883c28c227.json,7044,d4d6d0fe57f88c2db6f3b002a7d95f1c2b52e5837388e4ead18321866fff8a29
artifacts\phase2\phase2_v4_final_v1_terra\raw_responses\sync\p2_v4_terra_r1_comparison_train-004679_b_low_487bc4c27543.json,5492,a207b55797ed310d41a16a684eb19dd209a297d3f4cd46b51b244d179b1a36fd
artifacts\phase2\phase2_v4_final_v1_terra\raw_responses\sync\p2_v4_terra_r1_comparison_train-004679_b_medium_8a7adbc54097.json,5510,0a4114068f5554f86fa12723652046b35ea4d53614f244050afb282d07d70f60
artifacts\phase2\phase2_v4_final_v1_terra\raw_responses\sync\p2_v4_terra_r1_comparison_train-006313_a_low_5f10f4692ab8.json,5566,a08c85be318453fbc6453104d41cf10d38789726dbe115d1ebbb1d976962d62d
artifacts\phase2\phase2_v4_final_v1_terra\raw_responses\sync\p2_v4_terra_r1_comparison_train-006313_a_medium_c3800a56fabc.json,7043,82a6d4801112beff807c252ad66852c10e82bdf5c3acc906efa16a2e25f46cdc
artifacts\phase2\phase2_v4_final_v1_terra\raw_responses\sync\p2_v4_terra_r1_comparison_train-006313_b_low_99917d6a4bed.json,7321,192fd98ff9794ce074e49406fb76cb9b3d3d5636269dc75056e01d4ba4251577
artifacts\phase2\phase2_v4_final_v1_terra\raw_responses\sync\p2_v4_terra_r1_comparison_train-006313_b_medium_34d80ba030e1.json,7752,71508c72226280e7198fa22ec53962dfc1500c123b70f97b5635f61e02faff93
artifacts\phase2\phase2_v4_final_v1_terra\raw_responses\sync\p2_v4_terra_r1_comparison_train-006453_a_low_a240e022365d.json,6628,467617ceaa212cd8718b13a018c0450583f485fe39329579802497fcff31cf36
artifacts\phase2\phase2_v4_final_v1_terra\raw_responses\sync\p2_v4_terra_r1_comparison_train-006453_a_medium_e4248dde0e36.json,6627,c297a087fbb43036e74e47414f1fe0f4141cbbb0cc878878bdaf47463ca804e4
artifacts\phase2\phase2_v4_final_v1_terra\raw_responses\sync\p2_v4_terra_r1_comparison_train-006453_b_low_402be221e691.json,6645,29ad8304a4a2246bfff102cfcc7376d2f1b6d56cdf833479dbed9359a2ae1de0
artifacts\phase2\phase2_v4_final_v1_terra\raw_responses\sync\p2_v4_terra_r1_comparison_train-006453_b_medium_d5383144f293.json,6945,f5a516982268407bb4340a69f40fc291c2536f238b4808a11a0597d8010c16a7
artifacts\phase2\phase2_v4_final_v1_terra\raw_responses\sync\p2_v4_terra_r1_comparison_train-006480_a_low_df2a78e4b605.json,6998,fc18e1819e5628ae909dd983b543b917c6df9724c06c9b3380e42545828b1a0c
artifacts\phase2\phase2_v4_final_v1_terra\raw_responses\sync\p2_v4_terra_r1_comparison_train-006480_a_medium_2eac9334214a.json,7206,4a55c27a01987825ffe162a968602f5ae2efb1ee7550a3271f9d47b23565bde5
artifacts\phase2\phase2_v4_final_v1_terra\raw_responses\sync\p2_v4_terra_r1_comparison_train-006480_b_low_6b62c23874d9.json,7245,1d0a903a7a610fecc371a9c17de47bf321022b76c43700636459c0c623b4c0b1
artifacts\phase2\phase2_v4_final_v1_terra\raw_responses\sync\p2_v4_terra_r1_comparison_train-006480_b_medium_118b1db954c0.json,8219,4951e662c4b06d702800d603e03be2d253ffc2819a5e1cbc8f948e10ff7a52e2
artifacts\phase2\phase2_v4_final_v1_terra\raw_responses\sync\p2_v4_terra_r1_comparison_train-006750_a_low_6acf34315d58.json,23609,c7522ea1e793235b0b8aa8014a41fbcddb1b7e9b7cf6c84337a9cd921cf76cbd
artifacts\phase2\phase2_v4_final_v1_terra\raw_responses\sync\p2_v4_terra_r1_comparison_train-006750_a_medium_96adedc83233.json,40762,e593cda4d7fec98206ce3a406822fa284b0594ccecca553732ccb33824afe2b6
artifacts\phase2\phase2_v4_final_v1_terra\raw_responses\sync\p2_v4_terra_r1_comparison_train-006750_b_low_e782463e3d40.json,28135,3477041eae4cce70b5d861bfb10ad9ee5800dc1f5ef99f8dcd16d0be2f8edcde
artifacts\phase2\phase2_v4_final_v1_terra\raw_responses\sync\p2_v4_terra_r1_comparison_train-006750_b_medium_6af111a16ab0.json,29808,34550acd411542fcd87ef8927a6fc3982249774f534b852f2a4cc6a36d7f33bb
artifacts\phase2\phase2_v4_final_v1_terra\raw_responses\sync\p2_v4_terra_r1_comparison_train-006848_a_low_f68c5f4db282.json,12158,d9cbc9f0b1ea290b92e61e61a9a56844a88b4561860644bcf28dbebe59b2852f
artifacts\phase2\phase2_v4_final_v1_terra\raw_responses\sync\p2_v4_terra_r1_comparison_train-006848_a_medium_6317af4108a9.json,12873,3157d21bc1602592c3d20814e0a5ef5d2a2221968674b486111b3c168c7dda5a
artifacts\phase2\phase2_v4_final_v1_terra\raw_responses\sync\p2_v4_terra_r1_comparison_train-006848_b_low_0090ba0e08c3.json,9869,74fd16b4d86ea4ce9d45cd0009f6f33e1dadb69a5d546996edb95c42e7ea9cbb
artifacts\phase2\phase2_v4_final_v1_terra\raw_responses\sync\p2_v4_terra_r1_comparison_train-006848_b_medium_2fb06ae0b369.json,13308,138b8ef8ddcecde935a358d0040302cc2463dbeb2a6731a6513e90bdee1d54ba
artifacts\phase2\phase2_v4_final_v1_terra\raw_responses\sync\p2_v4_terra_r1_comparison_train-008050_a_low_f5c53b44c1e0.json,6775,c2ec87027334af34a6283d682cf04d750ea0246637bbc15d44530b55ce5c1cdb
artifacts\phase2\phase2_v4_final_v1_terra\raw_responses\sync\p2_v4_terra_r1_comparison_train-008050_a_medium_9dc8cdb98b69.json,6850,d726c0d552af0719dc27ddefd709cee937f0edc8f26c2182b315b2df8832a7ad
artifacts\phase2\phase2_v4_final_v1_terra\raw_responses\sync\p2_v4_terra_r1_comparison_train-008050_b_low_a6a75def5296.json,6815,cd92462f6a033972e9ccdb125ac50d51241fc759a508309e208056bcc1dff45b
artifacts\phase2\phase2_v4_final_v1_terra\raw_responses\sync\p2_v4_terra_r1_comparison_train-008050_b_medium_35ffe8a04e73.json,7035,80d47428f2a2822b428ecf73616f7f2920f283d6a52b3b52360c0d4edc62b603
artifacts\phase2\phase2_v4_final_v1_terra\raw_responses\sync\p2_v4_terra_r1_comparison_train-009106_a_low_aeb87238f084.json,6967,2c996d416439835620262926ba9f7402bf12f131bc3a448b0180b3aae817df22
artifacts\phase2\phase2_v4_final_v1_terra\raw_responses\sync\p2_v4_terra_r1_comparison_train-009106_a_medium_70a7a5e5d4b9.json,7039,8005b2d23a251dabe50b737f0617f84ad7a2bf5662ba4caf39c4431039e25db4
artifacts\phase2\phase2_v4_final_v1_terra\raw_responses\sync\p2_v4_terra_r1_comparison_train-009106_b_low_fd972d5efbd9.json,6876,9cf881aac6faed4e5bbc6e7868af92321073473d4764dec13e931fc0734707f5
artifacts\phase2\phase2_v4_final_v1_terra\raw_responses\sync\p2_v4_terra_r1_comparison_train-009106_b_medium_3aa8c1ea96af.json,7948,07b5a421ed2cbb67e3b1248e33c457fad5a40606d20f1bcb1bac793f47abed3e
artifacts\phase2\phase2_v4_final_v1_terra\raw_responses\sync\p2_v4_terra_r1_comparison_train-009400_a_low_3ba85a8d8ccc.json,13561,4a31da4c841d9594647a3b1fe70bbca40de4dbdaeca86ac340cf9447edcc2f81
artifacts\phase2\phase2_v4_final_v1_terra\raw_responses\sync\p2_v4_terra_r1_comparison_train-009400_a_medium_9ededdc37b39.json,13577,f4aa7f7d4eb24231fe9c6d696625c4ad1a7081496ddcad010c6b49dcf9236a05
artifacts\phase2\phase2_v4_final_v1_terra\raw_responses\sync\p2_v4_terra_r1_comparison_train-009400_b_low_45ecde9c1ac3.json,13564,cec2a77bef9ec777d794d3d44331cc7a2bffd7829f1b88769dcc87ec3659fc17
artifacts\phase2\phase2_v4_final_v1_terra\raw_responses\sync\p2_v4_terra_r1_comparison_train-009400_b_medium_5bea6f91ae9d.json,13494,0c05809d234b52ff3e06f2cf9349316ebdf6262b003b0a1863dfd5c156a14866
artifacts\phase2\phase2_v4_final_v1_terra\raw_responses\sync\p2_v4_terra_r1_comparison_train-009414_a_low_4b796b896048.json,7736,5a6a74cdd998db1d72629a68fad00a6d50f2818e9a27c08fc2804b2f8c70281f
artifacts\phase2\phase2_v4_final_v1_terra\raw_responses\sync\p2_v4_terra_r1_comparison_train-009414_a_medium_74590b035094.json,8239,7352d27026290b65c3a7dd8b1eaefbe0163483c66c0e50d82bab6f93c9a5e73e
artifacts\phase2\phase2_v4_final_v1_terra\raw_responses\sync\p2_v4_terra_r1_comparison_train-009414_b_low_0b7f4ac6c7be.json,7769,5e8b6b72ce5f5a80ae3fab8ce8cea0d507f22273b54a611b6c1fb5537d4e85fe
artifacts\phase2\phase2_v4_final_v1_terra\raw_responses\sync\p2_v4_terra_r1_comparison_train-009414_b_medium_ec5bf7887d93.json,7416,60545f79c657c9651f1568b1993d9f9b1e8d18e397600c6208c4e628468903cf
artifacts\phase2\phase2_v4_final_v1_terra\raw_responses\sync\p2_v4_terra_r1_comparison_train-009669_a_low_6c4a4d6d3eb1.json,34103,207d4f8852206eed778b537fe4ff2514e5e0f80030b282429c7ee8b5737358db
artifacts\phase2\phase2_v4_final_v1_terra\raw_responses\sync\p2_v4_terra_r1_comparison_train-009669_a_medium_bb5afe2e8a7e.json,23347,e783637c25a180324dae7f1ad407071f6a8b776c5d92b39875eb4db218677e8a
artifacts\phase2\phase2_v4_final_v1_terra\raw_responses\sync\p2_v4_terra_r1_comparison_train-009669_b_low_bb0f8fa55400.json,30118,d6bec74b44a43ad5a70a8d3515a0eeaa539ed3c2888e083909bce922b460f05f
artifacts\phase2\phase2_v4_final_v1_terra\raw_responses\sync\p2_v4_terra_r1_comparison_train-009669_b_medium_3c76f55d2bb0.json,46438,3c61c087cd90c706f55f95af1ceb1fcedf77ae3d62b62c6c54732c624f71f8bf
artifacts\phase2\phase2_v4_final_v1_terra\raw_responses\sync\p2_v4_terra_r1_comparison_train-009903_a_low_b9415ab4f379.json,7613,db31948a22d13a1d2097e35dcdb4f3781ecea351f8294b57aea5d3fee162e285
artifacts\phase2\phase2_v4_final_v1_terra\raw_responses\sync\p2_v4_terra_r1_comparison_train-009903_a_medium_6f204490972b.json,8072,e708f4cfc69e8a1b0f3e961aecc9be4e39e1b8a02bd0aa31306feb93e636c944
artifacts\phase2\phase2_v4_final_v1_terra\raw_responses\sync\p2_v4_terra_r1_comparison_train-009903_b_low_c89eb8e65d71.json,7601,690144ab50a95c4b8556d160821782de099eccaacb5cf01ea91de5cf36970904
artifacts\phase2\phase2_v4_final_v1_terra\raw_responses\sync\p2_v4_terra_r1_comparison_train-009903_b_medium_c63a5dc887c8.json,8770,7a18c7abe6af61e8028c81ec0e0f023a8c717a8b178e5dd46c62fa6708c791b8
artifacts\phase2\phase2_v4_final_v1_terra\raw_responses\sync\p2_v4_terra_r1_comparison_train-010982_a_low_af8ff8b189d6.json,7457,e97589a2d52de4bc046a20ed6fb892b83a043c5a2e43393880c35f029fa3a9a0
artifacts\phase2\phase2_v4_final_v1_terra\raw_responses\sync\p2_v4_terra_r1_comparison_train-010982_a_medium_756190ad667c.json,7065,714cfcc5832ae29bcbe65b34f54e86c07bae1adb34efa5faf1036d3ffabb6068
artifacts\phase2\phase2_v4_final_v1_terra\raw_responses\sync\p2_v4_terra_r1_comparison_train-010982_b_low_e41e4cb1364c.json,6876,dbf34475d3f43897766e48e99a608a1a4181ccb08b6a4bada3029e00d8f463a3
artifacts\phase2\phase2_v4_final_v1_terra\raw_responses\sync\p2_v4_terra_r1_comparison_train-010982_b_medium_2b3153604972.json,6771,d1c019f2054d6791f04c04dbdc5dd8cdd878e45eb682dd240e6cd749f0a6fc7a
artifacts\phase2\phase2_v4_final_v1_terra\raw_responses\sync\p2_v4_terra_r1_comparison_train-011275_a_low_934eb0c8b477.json,7378,faa7861feff845fde1da70eb84e0db162608ee38c8a433d0c6dcff39d7c7c2a5
artifacts\phase2\phase2_v4_final_v1_terra\raw_responses\sync\p2_v4_terra_r1_comparison_train-011275_a_medium_822d33b9b358.json,7263,39a2bd12fddf0c22549ed8cd0e27c1436edd425e43ba7cafd6fd13c91e136387
artifacts\phase2\phase2_v4_final_v1_terra\raw_responses\sync\p2_v4_terra_r1_comparison_train-011275_b_low_2bc1f45369b1.json,7380,1ead3afbba3a772065af93a11c323968396ddc9ce60c1224bcef0249c46da30a
artifacts\phase2\phase2_v4_final_v1_terra\raw_responses\sync\p2_v4_terra_r1_comparison_train-011275_b_medium_9ca1d27730fe.json,7072,3f21b66dd6c36a461060473cb4d7dcedd18f0f29e5494bec54aacf22ee26f5b4
artifacts\phase2\phase2_v4_final_v1_terra\raw_responses\sync\p2_v4_terra_r1_comparison_train-011302_a_low_a0020b37ef01.json,7121,5f9a2070310a068ba39a66f5aeef9b328cc36d9867358183ed19059379a3d09d
artifacts\phase2\phase2_v4_final_v1_terra\raw_responses\sync\p2_v4_terra_r1_comparison_train-011302_a_medium_c4e8ad59b84b.json,7442,7c38370e193037f22a6932a3724ac7af358fa96bd7e37b989e30a625df480a63
artifacts\phase2\phase2_v4_final_v1_terra\raw_responses\sync\p2_v4_terra_r1_comparison_train-011302_b_low_3bde4611d6b7.json,7349,ff827083ec539ef640a6d45f3fbb957499c4a114943688a96949b0559dd2a4f2
artifacts\phase2\phase2_v4_final_v1_terra\raw_responses\sync\p2_v4_terra_r1_comparison_train-011302_b_medium_b33720f6c4d8.json,7286,a181498a1f1c66ae56243bc3eccdc880a7cb24b537393a8d722590c28776ab6f
artifacts\phase2\phase2_v4_final_v1_terra\raw_responses\sync\p2_v4_terra_r1_comparison_train-011721_a_low_eb71bd003bd2.json,16469,a745e3523b87d984642ac16275de70b2504e0cf7034cee5caa5e14f0e7671131
artifacts\phase2\phase2_v4_final_v1_terra\raw_responses\sync\p2_v4_terra_r1_comparison_train-011721_a_medium_90b530238ddc.json,26475,cd54bde1a30fb5665e64d3182c348a8cbbe7ea69d4bd37bf648f829e9daf497b
artifacts\phase2\phase2_v4_final_v1_terra\raw_responses\sync\p2_v4_terra_r1_comparison_train-011721_b_low_36e9e3b7503d.json,16590,74b6d3296133370ada6ec4680b433aedd80075332886a704fd144d17a974c15f
artifacts\phase2\phase2_v4_final_v1_terra\raw_responses\sync\p2_v4_terra_r1_comparison_train-011721_b_medium_e657feae047f.json,30569,669764962569b1e6e06dc5f2cb3971a38039f4fe7d8d1f5d6141d0f0cdb76fc4
artifacts\phase2\phase2_v4_final_v1_terra\raw_responses\sync\p2_v4_terra_r1_comparison_train-011934_a_low_9aa19582bc4b.json,6655,e46ca6ed679fcce487ac505a955a9d1b20fb3ba54b03cff53840391981e5a093
artifacts\phase2\phase2_v4_final_v1_terra\raw_responses\sync\p2_v4_terra_r1_comparison_train-011934_a_medium_3596e17f2ef9.json,5391,28f74d70ee08db12e4c447c3ceef91247798b32f3c4b0b75ef25053f82a00cbe
artifacts\phase2\phase2_v4_final_v1_terra\raw_responses\sync\p2_v4_terra_r1_comparison_train-011934_b_low_45984d44a2dd.json,6590,b3273a3575b69630a89d85a0ab7490a46cf1aba4f7896e4c6604a44893498b1d
artifacts\phase2\phase2_v4_final_v1_terra\raw_responses\sync\p2_v4_terra_r1_comparison_train-011934_b_medium_a75b183c1950.json,5417,e82979a0fb241c4799ccfc67539112710194b1ecbf3a08738fc2519649ec0d33
artifacts\phase2\phase2_v4_final_v1_terra\raw_responses\sync\p2_v4_terra_r1_comparison_train-012372_a_low_4a70ee753cba.json,8495,a749121883d6a46946e2971ef0224fdafebdf6440006e2004cb47e06b2cba737
artifacts\phase2\phase2_v4_final_v1_terra\raw_responses\sync\p2_v4_terra_r1_comparison_train-012372_a_medium_eea4ba3be70d.json,7710,e8b4e2ba22df94345071f0de94d2321d5f5433e111e3eaad0b2d38705087a846
artifacts\phase2\phase2_v4_final_v1_terra\raw_responses\sync\p2_v4_terra_r1_comparison_train-012372_b_low_50f789e9b5d7.json,8420,260fcab917b3c0c0d150fa3eba6b91ff6959b66c18ceb63c4f9c92e45d6577d2
artifacts\phase2\phase2_v4_final_v1_terra\raw_responses\sync\p2_v4_terra_r1_comparison_train-012372_b_medium_9169cd80e3ee.json,7809,a3aa877729fe85102e864a74407e0da8150fd6ac3c753322856aa0aac9fe7bca
artifacts\phase2\phase2_v4_final_v1_terra\raw_responses\sync\p2_v4_terra_r1_comparison_train-012486_a_low_4f521bb5fad1.json,6836,e012ca6cd93959bccc8cf5178d284e02564698aaf660aeb69d92eee8ee3982ae
artifacts\phase2\phase2_v4_final_v1_terra\raw_responses\sync\p2_v4_terra_r1_comparison_train-012486_a_medium_fbd3b581bb33.json,7014,59c1b240db8bc350575ebe7f7b77fb40d223900c04b04454195e02c60cbb8f55
artifacts\phase2\phase2_v4_final_v1_terra\raw_responses\sync\p2_v4_terra_r1_comparison_train-012486_b_low_f33e34853665.json,6872,fa84639dd72ae6a48a9e917d6c7f7dd7f6ed8ef2bca6f00a8cb40876d7fade24
artifacts\phase2\phase2_v4_final_v1_terra\raw_responses\sync\p2_v4_terra_r1_comparison_train-012486_b_medium_387b96277c34.json,6949,59add57c67a9f7d6c40bab54831305ab491b4c066b5224336d845e5ae3ef1727
artifacts\phase2\phase2_v4_final_v1_terra\raw_responses\sync\p2_v4_terra_r1_comparison_train-012517_a_low_9b9f1826ad8c.json,7105,dd83b8175a39b1a25ec078b9c8617a1cb17a4d78e863367b6eeaa68c6681bca2
artifacts\phase2\phase2_v4_final_v1_terra\raw_responses\sync\p2_v4_terra_r1_comparison_train-012517_a_medium_da9ad5c3c4a0.json,7083,8f0ea3429687f0c9e22d540d5cfd8c442c6f57ef4c389228d86dd73ac60f69d5
artifacts\phase2\phase2_v4_final_v1_terra\raw_responses\sync\p2_v4_terra_r1_comparison_train-012517_b_low_5456e128b06f.json,7069,4d65796b1d29ca7b33bccd7841903fe98a6314e47e0bbdca8d513eeab7810bcf
artifacts\phase2\phase2_v4_final_v1_terra\raw_responses\sync\p2_v4_terra_r1_comparison_train-012517_b_medium_95a12d38948f.json,7209,9e223c184a3f5da28245e8850647322f7d54263d188126b5658ab62cdade3046
artifacts\phase2\phase2_v4_final_v1_terra\raw_responses\sync\p2_v4_terra_r1_comparison_train-012715_a_low_96ebb498d9c3.json,6777,feaa0fd029b43e60e8018f9aabdfc50f86a91e629288055475c65ad7ffde8d4b
artifacts\phase2\phase2_v4_final_v1_terra\raw_responses\sync\p2_v4_terra_r1_comparison_train-012715_a_medium_84d2ef5753d2.json,6923,6859a6cd2bc786d6f64a27fea7d2124d4173a589bab5dbc98b74111222ef49b0
artifacts\phase2\phase2_v4_final_v1_terra\raw_responses\sync\p2_v4_terra_r1_comparison_train-012715_b_low_dbd165f6dd94.json,6966,43e8cde9312bc95b3726ae73411d77a6e7e6f0fe68c19ad7afa3961c59d196f9
artifacts\phase2\phase2_v4_final_v1_terra\raw_responses\sync\p2_v4_terra_r1_comparison_train-012715_b_medium_3df02a1b3fe8.json,6962,693b6b1d5cd08b124d993c6516a215a6feff0084423bad9e52f1799a388ad960
artifacts\phase2\phase2_v4_final_v1_terra\raw_responses\sync\p2_v4_terra_r1_comparison_train-012887_a_low_2a56d3c2a97a.json,9467,5eb10f4ed8a52b0dfe1e2896abfcd69f12da079ccd99193af59445e6d1516d8b
artifacts\phase2\phase2_v4_final_v1_terra\raw_responses\sync\p2_v4_terra_r1_comparison_train-012887_a_medium_b9f5a9bf538c.json,8397,27107f9bda03148a33b9ee1c8057f043f3586f0056323d83b3c9311c11bec824
artifacts\phase2\phase2_v4_final_v1_terra\raw_responses\sync\p2_v4_terra_r1_comparison_train-012887_b_low_75ba2813ba69.json,7630,ec4e39dea81396e24a733a77c8c488a018a8b4a929229b4f204a98de6997a0c6
artifacts\phase2\phase2_v4_final_v1_terra\raw_responses\sync\p2_v4_terra_r1_comparison_train-012887_b_medium_234ee21039e2.json,8939,160f42a9d80e19c6a2754c10f4fa317b9ebb576173ba25d58de36ae1d732c240
artifacts\phase2\phase2_v4_final_v1_terra\raw_responses\sync\p2_v4_terra_r1_comparison_train-013689_a_low_b36c44def9cc.json,7561,a78f6fb102888f5c86649cbbaa13802f3d753a14e2cd68b42c5d1b6b2193f2f5
artifacts\phase2\phase2_v4_final_v1_terra\raw_responses\sync\p2_v4_terra_r1_comparison_train-013689_a_medium_498d1e51bde2.json,8202,162f34b967851df73e4df64692517c633af96340b00021db46a72fef2e96cc23
artifacts\phase2\phase2_v4_final_v1_terra\raw_responses\sync\p2_v4_terra_r1_comparison_train-013689_b_low_4f6ebffdac43.json,9188,c493eb447ca7412c4495cf9164394342ea9473fd8c77d9d488de199bccececb6
artifacts\phase2\phase2_v4_final_v1_terra\raw_responses\sync\p2_v4_terra_r1_comparison_train-013689_b_medium_5115b2932694.json,9842,0d357b4f2afc86b21a6bdf265e9672550211a12e2d6d462e133ca96c7b01a94b
artifacts\phase2\phase2_v4_final_v1_terra\raw_responses\sync\p2_v4_terra_r1_comparison_train-014215_a_low_347a7daf23ac.json,43888,66d11f00fcb8bdce03867db29ba9d1bb5042aa564e72aef4e8fc44019c182593
artifacts\phase2\phase2_v4_final_v1_terra\raw_responses\sync\p2_v4_terra_r1_comparison_train-014215_a_medium_ae2d71f2e6b8.json,50026,00ef174b327dc95b92be2153c74c93413db0a077545500405cff8cb21e2124fe
artifacts\phase2\phase2_v4_final_v1_terra\raw_responses\sync\p2_v4_terra_r1_comparison_train-014215_b_low_a631b69d6dd5.json,40207,2ded44af887563d755da14a8b42d5b9440abc08189a88ad0c5f9430dad0f9db3
artifacts\phase2\phase2_v4_final_v1_terra\raw_responses\sync\p2_v4_terra_r1_comparison_train-014215_b_medium_91b099c4f7bf.json,50126,fcedf7aea7e7ee58f0fffed0fcc5acd4cc8db2d594804fff7712de6ef44b5185
artifacts\phase2\phase2_v4_final_v1_terra\raw_responses\sync\p2_v4_terra_r1_comparison_train-014786_a_low_05257961aa2c.json,13938,3a1d231c0ea7411993768337c1526c32294e0c37bfae2b5f89df6e76c6ac0b76
artifacts\phase2\phase2_v4_final_v1_terra\raw_responses\sync\p2_v4_terra_r1_comparison_train-014786_a_medium_2924e6f42099.json,13740,103c3c62004a78a2c5832b67b23f17e6882eead741b65139580685511ab4a71f
artifacts\phase2\phase2_v4_final_v1_terra\raw_responses\sync\p2_v4_terra_r1_comparison_train-014786_b_low_8ea6d055ba03.json,10390,c08ec79afcff7a9ee8b7eeed2261a3804f8764111d382d71e5916e00ed0a3d20
artifacts\phase2\phase2_v4_final_v1_terra\raw_responses\sync\p2_v4_terra_r1_comparison_train-014786_b_medium_3c78bc204d70.json,8649,c5dc7aae69b18a69f5b9046501e404f7d85a9860535e21a5a72d57b58300a05f
artifacts\phase2\phase2_v4_final_v1_terra\raw_responses\sync\p2_v4_terra_r1_comparison_train-015243_a_low_5d3d19391830.json,5314,00bbd2a3e7a5cc8826f9a6363df50a0183a6803af2cbce9ce01822a1c03bab24
artifacts\phase2\phase2_v4_final_v1_terra\raw_responses\sync\p2_v4_terra_r1_comparison_train-015243_a_medium_bd0ca90b1717.json,5362,7d26abd1d7fe5219ee2352f658a61b4b3721d0b49087c9ff4dd016f1f1c7dd2a
artifacts\phase2\phase2_v4_final_v1_terra\raw_responses\sync\p2_v4_terra_r1_comparison_train-015243_b_low_629051935a43.json,5357,5b78c47c5f98a56e670def87380b5699c3ff1bd208dbd1fd82526895e1941475
artifacts\phase2\phase2_v4_final_v1_terra\raw_responses\sync\p2_v4_terra_r1_comparison_train-015243_b_medium_b8034760310a.json,5299,ec0ae94fc4202577b14284998436dcb29a0dc3d9f40882aa323a0f5ed5388917
artifacts\phase2\phase2_v4_final_v1_terra\raw_responses\sync\p2_v4_terra_r1_comparison_train-015366_a_low_6026f3b9e74a.json,7082,75983f87138f1c7c5d129f8aafa68de0301e81d565caaaf5424dcc30cc19127e
artifacts\phase2\phase2_v4_final_v1_terra\raw_responses\sync\p2_v4_terra_r1_comparison_train-015366_a_medium_e3e2c1923127.json,7261,fdee8b1f1a24e90bbe3d9f6cffd294a74650c92c941251c6b0c50c9ea7bfd75c
artifacts\phase2\phase2_v4_final_v1_terra\raw_responses\sync\p2_v4_terra_r1_comparison_train-015366_b_low_d35263444601.json,6953,bb1830e3e6b060563664c340e37849abd58e192934303efe6a107775c35a96d8
artifacts\phase2\phase2_v4_final_v1_terra\raw_responses\sync\p2_v4_terra_r1_comparison_train-015366_b_medium_4087cf52f150.json,7076,2712eef9141b8ff13d1bfb4f630906b0125d0ce24ef153db210c0729d29d37b5
artifacts\phase2\phase2_v4_final_v1_terra\raw_responses\sync\p2_v4_terra_r1_comparison_train-015402_a_low_debf859e1cea.json,6817,9941ffb962a6e16cd1912b57b14f01a61b4f3c11972e6eb29e3faf560d94a2f9
artifacts\phase2\phase2_v4_final_v1_terra\raw_responses\sync\p2_v4_terra_r1_comparison_train-015402_a_medium_767df38c5222.json,6750,ae7e3bd0565113193425e0fa0ac3d68d9e41a9a855dff0f0f92e20643f18cfd1
artifacts\phase2\phase2_v4_final_v1_terra\raw_responses\sync\p2_v4_terra_r1_comparison_train-015402_b_low_04d2424f58af.json,6822,97f66e6a674ec593a2c1f482784459361994c37ea18bbd162eb97879835a6665
artifacts\phase2\phase2_v4_final_v1_terra\raw_responses\sync\p2_v4_terra_r1_comparison_train-015402_b_medium_dd4df86317f1.json,6878,eee5158a2d31012886c73d2d342a201b7548b555fad171123ac34673eedc73fd
artifacts\phase2\phase2_v4_final_v1_terra\raw_responses\sync\p2_v4_terra_r1_comparison_train-015589_a_low_a76a347b423d.json,7343,1d6866a568d9000b2ef97b54d75201b5f2fed466e7ab80413cffdfc708f8bab8
artifacts\phase2\phase2_v4_final_v1_terra\raw_responses\sync\p2_v4_terra_r1_comparison_train-015589_a_medium_16601ab8e0e4.json,6983,c3ab1f7c97a0e1ec6bb71598d79958c1490387ebba5f1437c1e80dfa5bc736cc
artifacts\phase2\phase2_v4_final_v1_terra\raw_responses\sync\p2_v4_terra_r1_comparison_train-015589_b_low_01ee5e2b1789.json,7041,9b018f9faeebfd417e3c2bc7274eb6f2e293bf4bf980a5ea47dd2a4b1a01c045
artifacts\phase2\phase2_v4_final_v1_terra\raw_responses\sync\p2_v4_terra_r1_comparison_train-015589_b_medium_8da8d551b5cf.json,7151,625a582d66dc5f0780cb05f1636446594a42b7ffa1d8a73d043e968f97da4f46
artifacts\phase2\phase2_v4_final_v1_terra\raw_responses\sync\p2_v4_terra_r1_smoke_train-004295_a_low_68d05f3290f3.json,6706,8a31ca0031a78d8a24888a21d66fe2f9628426516d33854b51b0c15a36b8ee3a
artifacts\phase2\phase2_v4_final_v1_terra\raw_responses\sync\p2_v4_terra_r1_smoke_train-004295_a_medium_216a4aa9a055.json,6754,23a52ea7cfe05e397cae53d02000233bee445eabfa6aae08e2ff393e8ae2e973
artifacts\phase2\phase2_v4_final_v1_terra\raw_responses\sync\p2_v4_terra_r1_smoke_train-004295_b_low_b9d1b18d4411.json,6888,4997400981c9dd8a0b55b6c67c6ed9197d41e2f5b986cf0ed9aacba6e592ef15
artifacts\phase2\phase2_v4_final_v1_terra\raw_responses\sync\p2_v4_terra_r1_smoke_train-004295_b_medium_69a401f2c433.json,6637,bf310ca3f00145a8aad2370fc8f2f3346d30176022ef9c4dc75e265bba80e298
artifacts\phase2\phase2_v4_final_v1_terra\raw_responses\sync\p2_v4_terra_r1_smoke_train-006714_a_low_9e1b3545f388.json,6866,045e5300c880b8432cb9013cc7fe45d2d44ff0224f71c80c16086c98b93489e6
artifacts\phase2\phase2_v4_final_v1_terra\raw_responses\sync\p2_v4_terra_r1_smoke_train-006714_a_medium_146da762bffa.json,6787,ddab5d6a0273812f4406c2edd06277ba0473fcc6d1d0b0ee577537c3b8981fb6
artifacts\phase2\phase2_v4_final_v1_terra\raw_responses\sync\p2_v4_terra_r1_smoke_train-006714_b_low_b029bd36a6ee.json,7226,15afa4e45ae085809870ed6c62e14fbedd9b60629ab2b7ff95f539e4c90e8605
artifacts\phase2\phase2_v4_final_v1_terra\raw_responses\sync\p2_v4_terra_r1_smoke_train-006714_b_medium_8dc7c429928b.json,7005,2a4832a37b5820dc14755fdaf5f4c93df17844dafb6fb8d8a1775b8e18c368fd
artifacts\phase2\phase2_v4_final_v1_terra\raw_responses\sync\p2_v4_terra_r1_smoke_train-007019_a_low_bae20e13969a.json,6731,08480e4c130f1486d9ed4655a9deed4c633b2d8cca95f62d79a3ccef697abfbc
artifacts\phase2\phase2_v4_final_v1_terra\raw_responses\sync\p2_v4_terra_r1_smoke_train-007019_a_medium_03de733bd9e0.json,7102,081ca708d8474778443c017270c21f9995f72c5eda1a86e9f9ec5663e6911ed8
artifacts\phase2\phase2_v4_final_v1_terra\raw_responses\sync\p2_v4_terra_r1_smoke_train-007019_b_low_92462546eab9.json,6671,9e7eccd7eec5805e6a0456379e8d1cf209dc087f62ee9bfd00e9d2ba854d08f3
artifacts\phase2\phase2_v4_final_v1_terra\raw_responses\sync\p2_v4_terra_r1_smoke_train-007019_b_medium_517bc3aa4670.json,6812,f93856be4442b94937a4feab737e02252f3f829af40a8fde11262a19b2c1eb3b
artifacts\phase2\phase2_v4_final_v1_terra\raw_responses\sync\p2_v4_terra_r1_smoke_train-007638_a_low_ec2b68f7c506.json,11023,73b370c788c1091afa9f67d9635de648e84b501e88180f88916d0bee443f5c5c
artifacts\phase2\phase2_v4_final_v1_terra\raw_responses\sync\p2_v4_terra_r1_smoke_train-007638_a_medium_99d29f5a506e.json,11191,f485d7eb6213024663167fcd6b4b94684bbae8c6ffc6fb625bf0e65d92552ab1
artifacts\phase2\phase2_v4_final_v1_terra\raw_responses\sync\p2_v4_terra_r1_smoke_train-007638_b_low_0da5697c4a4f.json,7825,dc08f41461967ad6edb741c98559497b38a3eab634bf650d8b36c7cd9c21894d
artifacts\phase2\phase2_v4_final_v1_terra\raw_responses\sync\p2_v4_terra_r1_smoke_train-007638_b_medium_53153559c642.json,8257,174543902e105f64195569084142f7cf829933022ece6d6cddc92239ad4330f9
artifacts\phase2\phase2_v4_final_v1_terra\raw_responses\sync\p2_v4_terra_r1_smoke_train-009839_a_low_d91d25816f62.json,7326,65dd5fe9ea18f78101cce9057b351f0330ada7deed970c41492d7663d128c2f2
artifacts\phase2\phase2_v4_final_v1_terra\raw_responses\sync\p2_v4_terra_r1_smoke_train-009839_a_medium_d4b282bd4c14.json,7113,9c25c949aba97e3cf9d742031d972997e16282eac2940d3269f9ab8d29ae022f
artifacts\phase2\phase2_v4_final_v1_terra\raw_responses\sync\p2_v4_terra_r1_smoke_train-009839_b_low_6f6701fd6175.json,7452,44c1cb0a1cf01eec7c64e8fcc03816b7a3cde87517af0b401070a020f55ab611
artifacts\phase2\phase2_v4_final_v1_terra\raw_responses\sync\p2_v4_terra_r1_smoke_train-009839_b_medium_6539f248baf8.json,8077,2afe12adf7a1b44c09fa7b91616527e39f4d7a01d6a0ba3928b20c0c470fc9e0
artifacts\phase2\phase2_v4_final_v1_terra\raw_responses\sync\p2_v4_terra_r1_smoke_train-010768_a_low_6e981cfa9a8b.json,7267,42cbcb63b94d2d39a1490b1c01bce3d41b3b969fb14667a56e687b0f836f1a78
artifacts\phase2\phase2_v4_final_v1_terra\raw_responses\sync\p2_v4_terra_r1_smoke_train-010768_a_medium_e9b3812e22ac.json,9690,55bac6acc95d2fb52890003017218058873e4a06cc6b01fcc3d06e06883907fe
artifacts\phase2\phase2_v4_final_v1_terra\raw_responses\sync\p2_v4_terra_r1_smoke_train-010768_b_low_8a2aa6fbedc2.json,7073,7eea7c8725074d9ff7d6361ea8869875f36e8b3c32512323db43c9fa1734ed01
artifacts\phase2\phase2_v4_final_v1_terra\raw_responses\sync\p2_v4_terra_r1_smoke_train-010768_b_medium_1f8abd675eb4.json,7809,c9d4effb8203fe6969cdee78f7f76def1bc836941768143ee8555bdb2cdf0f49
artifacts\phase2\phase2_v4_final_v1_terra\raw_responses\sync\p2_v4_terra_r1_smoke_train-011202_a_low_e15025865cb8.json,7231,e99e36a46dfeef40b4c1830799cfec1ba57db1c5b7aeab44bc3b4ca32bc0bec9
artifacts\phase2\phase2_v4_final_v1_terra\raw_responses\sync\p2_v4_terra_r1_smoke_train-011202_a_medium_ef14cf00f54d.json,7418,1545bf7fca6cfabf583c1f4e8ba3f845f9f11da9600bb91e5e5024613bd907d6
artifacts\phase2\phase2_v4_final_v1_terra\raw_responses\sync\p2_v4_terra_r1_smoke_train-011202_b_low_2f3073432fcf.json,6914,5d102982b35a11f3f24ca50fa67f5310747c1566426dfbbac47b5a84b1b77d82
artifacts\phase2\phase2_v4_final_v1_terra\raw_responses\sync\p2_v4_terra_r1_smoke_train-011202_b_medium_9d088f6f0154.json,7050,f0bc3b51963a577eea5106a81b13eb6355ab62704240f121f25ba687b3e91769
artifacts\phase2\phase2_v4_final_v1_terra\raw_responses\sync\p2_v4_terra_r1_smoke_train-013384_a_low_55c0f4565322.json,11289,0e0d2aaff37cbb12ef1323c611299bdafe5efedef09cf084a3ea9a77faca57ca
artifacts\phase2\phase2_v4_final_v1_terra\raw_responses\sync\p2_v4_terra_r1_smoke_train-013384_a_medium_409d56959651.json,7419,2534053d72e72de5a13ae825e27747fbb27a6704a5150dd619e02080cd5651d4
artifacts\phase2\phase2_v4_final_v1_terra\raw_responses\sync\p2_v4_terra_r1_smoke_train-013384_b_low_63e3898313a3.json,13621,2a94278815e8691acd468218ca79ea05be12116d9dbe6971dd348ee2cd7f6a50
artifacts\phase2\phase2_v4_final_v1_terra\raw_responses\sync\p2_v4_terra_r1_smoke_train-013384_b_medium_b0c46356f783.json,14787,25b4c5958ebf3cafa775be9b93a15e85d7491461a0c379e106f1cdd7d12789d4
artifacts\phase2\phase2_v4_final_v1_terra\raw_responses\sync\p2_v4_terra_r1_smoke_train-013388_a_low_254603289cb4.json,7567,2a45564c24bbe5a11eea227757785f6e84fe1866f15a7e40bbd2ec75dc10c34e
artifacts\phase2\phase2_v4_final_v1_terra\raw_responses\sync\p2_v4_terra_r1_smoke_train-013388_a_medium_93202c87cf5b.json,7823,c5581c3746c6c98937f0142a800e6db09738c2e4c114920f329b09606d6f458a
artifacts\phase2\phase2_v4_final_v1_terra\raw_responses\sync\p2_v4_terra_r1_smoke_train-013388_b_low_f7157fbc34da.json,7753,91e56c462120e7b2709242f51a1afc71aec9366ccf0817acf1dacd2ac0981595
artifacts\phase2\phase2_v4_final_v1_terra\raw_responses\sync\p2_v4_terra_r1_smoke_train-013388_b_medium_e7175e4255ea.json,7836,061f468946c902e98632f33ef47505e90f954ca627dad09398f69be1e48dc797
artifacts\phase2\phase2_v4_final_v1_terra\raw_responses\sync\p2_v4_terra_r1_smoke_train-014655_a_low_f8e34155cd70.json,7070,b74cff52666ac900b21454df4a1ee99ddc70be352b4dbe29bd88d7fbb76a7323
artifacts\phase2\phase2_v4_final_v1_terra\raw_responses\sync\p2_v4_terra_r1_smoke_train-014655_a_medium_d985000355f4.json,7116,5955a5d3c6f02aeab131e0eeb1c3bfc818d0d7efbd31c0ba875bd197b7264029
artifacts\phase2\phase2_v4_final_v1_terra\raw_responses\sync\p2_v4_terra_r1_smoke_train-014655_b_low_c7fd4d413bb1.json,7153,0e338ed7fec539fbc1960b827860d2cc876fdacb65991c1f2b3f2212bb4f027e
artifacts\phase2\phase2_v4_final_v1_terra\raw_responses\sync\p2_v4_terra_r1_smoke_train-014655_b_medium_874afd487ddf.json,7030,fb0d86206e1e1a26adecc6f492b48546084be0e33915d42e1b24a06015b2427e
