id,category,confidence,observed_label,teacher_answers,evidence,interpretation,canonical_present,decision
train-000786,strict_contract_multiple_possible,high,12,unsuitable,The red-probability equation permits multiple k values; 12 is only one possible value.,Strict unique-answer prompt correctly refuses a benchmark item with multiple valid integers.,True,exclude_from_phase2_v3
train-001182,strict_contract_underdetermined,high,0,unsuitable,The conjugate root is forced but the remaining integer root is not uniquely determined.,Strict unique-answer prompt correctly refuses an underdetermined benchmark item.,True,exclude_from_phase2_v3
train-004271,inconsistent_problem_statement,high,-13,unsuitable,"A denominator factor x cancels the numerator x, so x=0 cannot remain a vertical asymptote as stated.",Teacher refusal is consistent with the prompt even though the label follows the uncancelled coefficients.,True,exclude_from_phase2_v3
train-004776,corrupted_multi_output,high,351342,unsuitable,The question begins mid-sentence and asks for both a maximum and a minimum while only one label is supplied.,Strict single-integer contract correctly rejects the item.,True,exclude_from_phase2_v3
train-006817,likely_noisy_label_noninteger_answer,high,-7,unsuitable,"Polynomial division gives remainder (a+4/3)x+10/3, so a=-4/3 rather than an integer.",Teacher refusal is consistent with the integer-only contract and the supplied label is suspect.,True,exclude_from_phase2_v3
train-009757,strict_contract_non_numeric_answer,high,1500,unsuitable,"The question asks whether one mountain obscures another, whose direct answer is yes/no.",Strict integer-only prompt correctly rejects a non-numeric task despite an integer label.,True,exclude_from_phase2_v3
train-011311,likely_noisy_label,high,-1,low 5|5; medium 5|5,Removing 5 leaves all six distinct pairs summing to 10 while reducing the denominator; all four candidates independently return 5.,The exact-match failure is driven by a likely incorrect label rather than teacher reasoning.,True,exclude_from_phase2_v3
train-011716,likely_noisy_label,high,15625,low 31250|31250; medium 31250|31250,250000 sq ft × 50 g × (5/20) ÷ 1000 × $10 = $31250.,The exact-match failure is driven by a likely factor-of-two label error.,True,exclude_from_phase2_v3
train-015988,likely_noisy_label,high,0,low 2|2; medium 2|2,"There are 13 even and 12 odd exponents from -12 through 12, so the alternating sum is 2.",The exact-match failure is driven by a likely incorrect zero label.,True,exclude_from_phase2_v3
